ID,TIME_HR,C_ng_ml,DOSENUM,DOSE,ROUTE
1,1,9953.88131869607,1,30,iv bolus
1,24,8223.54750264818,1,30,iv bolus
1,336,1673.88495170963,1,30,iv bolus
2,4,10368.3033498226,1,30,iv bolus
2,72,5145.76131732187,1,30,iv bolus
2,504,2692.98801413534,1,30,iv bolus
3,8,7221.00508466101,1,30,iv bolus
3,168,4292.94559616984,1,30,iv bolus
3,671.9999,1851.79126143902,1,30,iv bolus
4,1,5758.49472867343,1,30,iv bolus
4,24,3740.91869125707,1,30,iv bolus
4,336,2345.43896689735,1,30,iv bolus
5,4,5840.04805518772,1,30,iv bolus
5,72,3706.21673765559,1,30,iv bolus
5,504,2198.0198901905,1,30,iv bolus
6,8,8328.5934663959,1,30,iv bolus
6,168,4212.46400973663,1,30,iv bolus
6,671.9999,2167.99307280556,1,30,iv bolus
7,1,13812.9562936338,1,30,iv bolus
7,24,9177.58791233243,1,30,iv bolus
7,336,4404.90261507785,1,30,iv bolus
8,4,6989.14473512453,1,30,iv bolus
8,72,4543.04048402675,1,30,iv bolus
8,504,2063.75950689344,1,30,iv bolus
9,8,8680.68721448637,1,30,iv bolus
9,168,3696.76279311873,1,30,iv bolus
9,671.9999,1713.75227561697,1,30,iv bolus
10,1,4762.60046658793,1,30,iv bolus
10,24,4104.7920479037,1,30,iv bolus
10,336,1528.36179360121,1,30,iv bolus
11,4,4572.90252732887,1,30,iv bolus
11,72,3366.98954365304,1,30,iv bolus
11,504,1870.46280556182,1,30,iv bolus
12,8,11433.2871780674,1,30,iv bolus
12,168,4427.98464139428,1,30,iv bolus
12,671.9999,1927.48492347584,1,30,iv bolus
13,1,6380.73379373821,1,30,iv bolus
13,24,4509.94897368921,1,30,iv bolus
13,336,2865.27431321244,1,30,iv bolus
14,4,4939.8782635297,1,30,iv bolus
14,72,3285.10170306797,1,30,iv bolus
14,504,1838.14624983302,1,30,iv bolus
15,8,4744.97312202611,1,30,iv bolus
15,168,3171.34815827925,1,30,iv bolus
15,671.9999,1942.34070451562,1,30,iv bolus
16,1,7579.73333614713,1,30,iv bolus
16,24,4511.00263764307,1,30,iv bolus
16,336,2246.70767916013,1,30,iv bolus
17,4,9819.34161047292,1,30,iv bolus
17,72,5478.07363408051,1,30,iv bolus
17,504,2632.80381911582,1,30,iv bolus
18,8,10153.8232587906,1,30,iv bolus
18,168,5001.46987994001,1,30,iv bolus
18,671.9999,2472.68254457073,1,30,iv bolus
19,1,546.366110049951,1,120,extra-vascular
19,24,9718.41019972,1,120,extra-vascular
19,336,6047.16430851819,1,120,extra-vascular
20,4,1520.72810906648,1,120,extra-vascular
20,72,10986.4487823642,1,120,extra-vascular
20,504,9089.44001018416,1,120,extra-vascular
21,8,3622.56227333842,1,120,extra-vascular
21,168,14159.6842551502,1,120,extra-vascular
21,671.9999,5808.71794697108,1,120,extra-vascular
22,1,150.944893424566,1,120,extra-vascular
22,24,2551.47179209933,1,120,extra-vascular
22,336,7482.11558201017,1,120,extra-vascular
23,4,873.292560096486,1,120,extra-vascular
23,72,7126.22532844825,1,120,extra-vascular
23,504,7239.66488826279,1,120,extra-vascular
24,8,3624.49714372445,1,120,extra-vascular
24,168,13169.530701946,1,120,extra-vascular
24,671.9999,6950.81596212592,1,120,extra-vascular
25,1,998.322310125227,1,120,extra-vascular
25,24,14692.6242421837,1,120,extra-vascular
25,336,13724.4700774572,1,120,extra-vascular
26,4,1008.93552893393,1,120,extra-vascular
26,72,9524.50622946903,1,120,extra-vascular
26,504,6839.45242007981,1,120,extra-vascular
27,8,2385.01884687123,1,120,extra-vascular
27,168,12506.1338051228,1,120,extra-vascular
27,671.9999,5682.06551552434,1,120,extra-vascular
28,1,94.2751302649146,1,120,extra-vascular
28,24,1951.5422055512,1,120,extra-vascular
28,336,5415.89521272153,1,120,extra-vascular
29,4,680.979768170745,1,120,extra-vascular
29,72,6769.00123975818,1,120,extra-vascular
29,504,6116.17188979839,1,120,extra-vascular
30,8,2105.82197205288,1,120,extra-vascular
30,168,13891.3554012517,1,120,extra-vascular
30,671.9999,6858.43321046046,1,120,extra-vascular
31,1,317.544740552425,1,120,extra-vascular
31,24,5144.47458479987,1,120,extra-vascular
31,336,9132.1959412336,1,120,extra-vascular
32,4,864.747448885433,1,120,extra-vascular
32,72,7343.97656420342,1,120,extra-vascular
32,504,5974.65479687663,1,120,extra-vascular
33,8,2809.19397854849,1,120,extra-vascular
33,168,9926.42548608873,1,120,extra-vascular
33,671.9999,5982.26258506312,1,120,extra-vascular
34,1,144.400781327104,1,120,extra-vascular
34,24,2459.13563760759,1,120,extra-vascular
34,336,6954.55805919626,1,120,extra-vascular
35,4,2993.31178684917,1,120,extra-vascular
35,72,16649.8592889082,1,120,extra-vascular
35,504,8263.98777194526,1,120,extra-vascular
36,8,4426.3793933041,1,120,extra-vascular
36,168,17056.2728269895,1,120,extra-vascular
36,671.9999,7751.15355817481,1,120,extra-vascular
37,1,99538.8131869607,1,300,iv bolus
37,24,82235.4750264812,1,300,iv bolus
37,336,16738.8495170964,1,300,iv bolus
38,4,103683.033603034,1,300,iv bolus
38,72,51457.613414439,1,300,iv bolus
38,504,26929.8855523521,1,300,iv bolus
39,8,72210.05084661,1,300,iv bolus
39,168,42929.4559616981,1,300,iv bolus
39,671.9999,18517.9126143901,1,300,iv bolus
40,1,57584.9472868189,1,300,iv bolus
40,24,37409.186890486,1,300,iv bolus
40,336,23454.3896689057,1,300,iv bolus
41,4,58400.4822256038,1,300,iv bolus
41,72,37062.1671555851,1,300,iv bolus
41,504,21980.1988993933,1,300,iv bolus
42,8,83285.9347764012,1,300,iv bolus
42,168,42124.6401192741,1,300,iv bolus
42,671.9999,21679.9307280558,1,300,iv bolus
43,1,138129.562936345,1,300,iv bolus
43,24,91775.8791684752,1,300,iv bolus
43,336,44049.0293456774,1,300,iv bolus
44,4,69891.447351245,1,300,iv bolus
44,72,45430.404840223,1,300,iv bolus
44,504,20637.5950689346,1,300,iv bolus
45,8,86806.8721448662,1,300,iv bolus
45,168,36967.6279311824,1,300,iv bolus
45,671.9999,17137.5227561697,1,300,iv bolus
46,1,47626.0046658793,1,300,iv bolus
46,24,41047.920479036,1,300,iv bolus
46,336,15283.6179360122,1,300,iv bolus
47,4,45729.0252771626,1,300,iv bolus
47,72,33669.8952704041,1,300,iv bolus
47,504,18704.6280567504,1,300,iv bolus
48,8,114332.87178068,1,300,iv bolus
48,168,44279.8464139366,1,300,iv bolus
48,671.9999,19274.8492483081,1,300,iv bolus
49,1,63807.3379374706,1,300,iv bolus
49,24,45099.4894304049,1,300,iv bolus
49,336,28652.743132168,1,300,iv bolus
50,4,49398.7826527827,1,300,iv bolus
50,72,32851.017242193,1,300,iv bolus
50,504,18381.4624996022,1,300,iv bolus
51,8,47449.7312202636,1,300,iv bolus
51,168,31713.4815827896,1,300,iv bolus
51,671.9999,19423.4070451563,1,300,iv bolus
52,1,75797.3333614775,1,300,iv bolus
52,24,45110.018925027,1,300,iv bolus
52,336,22467.0767928985,1,300,iv bolus
53,4,98193.4161210296,1,300,iv bolus
53,72,54780.7362728901,1,300,iv bolus
53,504,26328.0381913775,1,300,iv bolus
54,8,101538.232587907,1,300,iv bolus
54,168,50014.6987993978,1,300,iv bolus
54,671.9999,24726.8254457071,1,300,iv bolus
